profile,start,peak,end
17857,2026-01-01 00:27:00,2026-01-01 01:35:00,2026-01-01 02:09:00
17858,2026-01-01 02:42:00,2026-01-01 03:50:00,2026-01-01 04:24:00
17859,2026-01-01 04:52:00,2026-01-01 06:01:00,2026-01-01 06:35:00
17860,2026-01-01 07:22:00,2026-01-01 08:31:00,2026-01-01 10:06:00
17861,2026-01-01 11:12:00,2026-01-01 12:20:00,2026-01-01 12:54:00
17862,2026-01-01 13:32:00,2026-01-01 14:41:00,2026-01-01 15:15:00
17863,2026-01-01 15:47:00,2026-01-01 16:56:00,2026-01-01 17:31:00
17864,2026-01-01 18:12:00,2026-01-01 19:21:00,2026-01-01 19:55:00
17865,2026-01-01 20:42:00,2026-01-01 21:50:00,2026-01-01 23:25:00
17866,2026-01-02 00:27:00,2026-01-02 01:35:00,2026-01-02 02:09:00
17867,2026-01-02 02:42:00,2026-01-02 03:50:00,2026-01-02 04:24:00
17868,2026-01-02 04:52:00,2026-01-02 06:00:00,2026-01-02 06:35:00
17869,2026-01-02 07:22:00,2026-01-02 08:30:00,2026-01-02 10:06:00
17870,2026-01-02 11:12:00,2026-01-02 12:20:00,2026-01-02 12:55:00
17871,2026-01-02 13:32:00,2026-01-02 14:40:00,2026-01-02 15:15:00
17872,2026-01-02 15:47:00,2026-01-02 16:56:00,2026-01-02 17:31:00
17873,2026-01-02 18:12:00,2026-01-02 19:21:00,2026-01-02 19:56:00
17874,2026-01-02 20:42:00,2026-01-02 21:50:00,2026-01-02 23:26:00
17875,2026-01-03 00:27:00,2026-01-03 01:34:00,2026-01-03 02:09:00
17876,2026-01-03 02:42:00,2026-01-03 03:50:00,2026-01-03 04:24:00
17877,2026-01-03 04:52:00,2026-01-03 06:01:00,2026-01-03 06:35:00
17878,2026-01-03 07:22:00,2026-01-03 08:30:00,2026-01-03 10:05:00
